"DESCRIPTION","DURATION IN MS","NAME","PARENT SUITE","START TIME","STATUS","STOP TIME","SUB SUITE","SUITE","TEST CLASS","TEST METHOD"
"","6350","Increase counter when clicking the plus button","","2026-02-10","passed","2026-02-10","","","",""
"","235","Negative Path - Update Note without Authorization","","2026-02-10","passed","2026-02-10","","","",""
"","498","Negative Path - Update Note with Non-existent ID","","2026-02-10","passed","2026-02-10","","","",""
"","15985","Fail to complete product purchase due to missing mandatory details","","2026-02-10","passed","2026-02-10","","","",""
"","5862","Verify counter stays at zero without interaction","","2026-02-10","passed","2026-02-10","","","",""
"","579","Negative Path - Delete Note with Invalid ID Format","","2026-02-10","passed","2026-02-10","","","",""
"","927","Verify Registration Password Length Validation with Multiple Data Sets","","2026-02-10","passed","2026-02-10","","","",""
"","3449","Success Path - User Lifecycle and Note Management","","2026-02-10","passed","2026-02-10","","","",""
"","286","Negative Path - Verify Duplicate Email Registration","","2026-02-10","passed","2026-02-10","","","",""
"","28984","Complete a product purchase with mandatory details","","2026-02-10","passed","2026-02-10","","","",""
